종목코드,종목명,시장구분,업종명,종가,대비,등락률,시가총액
"095570","AJ네트웍스","KOSPI","일반서비스","5380","-20","-0.37","243459843420"
"006840","AK홀딩스","KOSPI","기타금융","8580","50","0.59","113664073380"
"027410","BGF","KOSPI","기타금융","4255","40","0.95","407274945705"
"282330","BGF리테일","KOSPI","유통","139400","1500","1.09","2409376496400"
"138930","BNK금융지주","KOSPI","기타금융","22050","600","2.80","6842711077650"
"001460","BYC","KOSPI","섬유·의류","55300","-1700","-2.98","345412095000"
"001465","BYC우","KOSPI","섬유·의류","27100","-450","-1.63","58369335000"
"001040","CJ","KOSPI","기타금융","228000","-4000","-1.72","6652355544000"
"079160","CJ CGV","KOSPI","오락·문화","5960","-130","-2.13","986869262360"
"00104K","CJ4우(전환)","KOSPI","기타금융","187500","-2200","-1.16","792471000000"
"000120","CJ대한통운","KOSPI","운송·창고","140400","-2400","-1.68","3202853097600"
"011150","CJ씨푸드","KOSPI","음식료·담배","2905","-40","-1.36","104378895565"
"011155","CJ씨푸드1우","KOSPI","음식료·담배","15250","-130","-0.85","3050000000"
"001045","CJ우","KOSPI","기타금융","102000","-2300","-2.21","230542746000"
"097950","CJ제일제당","KOSPI","음식료·담배","222500","-8000","-3.47","3349556385000"
"097955","CJ제일제당 우","KOSPI","음식료·담배","141300","-1600","-1.12","187566282900"
"000480","CR홀딩스","KOSPI","비금속","4900","0","0.00","229763401000"
"000590","CS홀딩스","KOSPI","기타금융","84700","400","0.47","97784625400"
"012030","DB","KOSPI","IT 서비스","1715","-4","-0.23","345013295095"
"005830","DB손해보험","KOSPI","보험","182100","-4600","-2.46","12634826400000"
"016610","DB증권","KOSPI","증권","15360","1600","11.63","651976535040"
"000990","DB하이텍","KOSPI","전기·전자","93000","-1800","-1.90","4045926684000"
"000300","DH오토넥스","KOSPI","운송장비·부품","4200","0","0.00","174035631000"
"001530","DI동일","KOSPI","유통","23300","-250","-1.06","459692224000"
"015590","DKME","KOSPI","기계·장비","515","0","0.00","122045495160"
"000210","DL","KOSPI","화학","49200","2050","4.35","1031029492800"
"000215","DL우","KOSPI","화학","25750","650","2.59","43417461250"
"375500","DL이앤씨","KOSPI","건설","49450","-350","-0.70","1913399657350"
"37550L","DL이앤씨2우(전환)","KOSPI","건설","37000","450","1.23","78142187000"
"37550K","DL이앤씨우","KOSPI","건설","25250","350","1.41","53375596250"
"007340","DN오토모티브","KOSPI","전기·전자","32800","800","2.50","1919156372000"
"004840","DRB동일","KOSPI","화학","5850","10","0.17","116590500000"
"155660","DSR","KOSPI","금속","3965","-65","-1.61","63440000000"
"069730","DSR제강","KOSPI","금속","4230","0","0.00","60912000000"
"017860","DS단석","KOSPI","화학","18830","-330","-1.72","331110711960"
"092780","DYP","KOSPI","운송장비·부품","4995","-425","-7.84","65776457700"
"017940","E1","KOSPI","유통","100800","1800","1.82","691488000000"
"365550","ESR켄달스퀘어리츠","KOSPI","부동산","4445","5","0.11","1093865605000"
"383220","F&F","KOSPI","섬유·의류","70100","-1800","-2.50","2685325957500"
"007700","F&F홀딩스","KOSPI","기타금융","20600","-450","-2.14","805755960200"
"114090","GKL","KOSPI","오락·문화","13300","-190","-1.41","822680411000"
"078930","GS","KOSPI","기타금융","71000","800","1.14","6596991838000"
"006360","GS건설","KOSPI","건설","21950","250","1.15","1878513705500"
"001250","GS글로벌","KOSPI","유통","2585","0","0.00","213349779940"
"007070","GS리테일","KOSPI","유통","22200","-200","-0.89","1856084613000"
"078935","GS우","KOSPI","기타금융","58100","600","1.04","103698390600"
"499790","GS피앤엘","KOSPI","기타금융","64600","3200","5.21","1281072328600"
"012630","HDC","KOSPI","기타금융","22700","1250","5.83","1356137066700"
"039570","HDC랩스","KOSPI","건설","8470","90","1.07","219860880470"
"089470","HDC현대EP","KOSPI","화학","6090","-410","-6.31","194271000000"
"294870","HDC현대산업개발","KOSPI","건설","23400","250","1.08","1542231522000"
"267270","HD건설기계","KOSPI","기계·장비","140900","-4100","-2.83","6759553226200"
"009540","HD한국조선해양","KOSPI","기타금융","397500","500","0.13","28132313610000"
"267250","HD현대","KOSPI","기타금융","256000","-5000","-1.92","20222229760000"
"443060","HD현대마린솔루션","KOSPI","일반서비스","171300","4900","2.94","7679607685500"
"071970","HD현대마린엔진","KOSPI","기계·장비","82700","-1000","-1.19","2805307636500"
"322000","HD현대에너지솔루션","KOSPI","전기·전자","81400","-5500","-6.33","911680000000"
"267260","HD현대일렉트릭","KOSPI","전기·전자","949000","-17000","-1.76","34208731115000"
"329180","HD현대중공업","KOSPI","운송장비·부품","543000","4000","0.74","56993945175000"
"097230","HJ중공업","KOSPI","건설","23950","100","0.42","2162573488800"
"014790","HL D&I","KOSPI","건설","3205","-30","-0.93","121336816205"
"003580","HLB글로벌","KOSPI","유통","2115","-45","-2.08","107153313075"
"204320","HL만도","KOSPI","운송장비·부품","58200","-2500","-4.12","2732904384000"
"060980","HL홀딩스","KOSPI","기타금융","46700","0","0.00","430269375900"
"011200","HMM","KOSPI","운송·창고","21450","100","0.47","20232454456500"
"035000","HS애드","KOSPI","일반서비스","8640","-90","-1.03","140034044160"
"002460","HS화성","KOSPI","건설","13250","110","0.84","134487500000"
"487570","HS효성","KOSPI","기타금융","63500","-400","-0.63","236596364500"
"298050","HS효성첨단소재","KOSPI","화학","257000","-6000","-2.28","1151346636000"
"015360","INVENI","KOSPI","일반서비스","82200","2400","3.01","468540000000"
"175330","JB금융지주","KOSPI","기타금융","34650","600","1.76","6579501424650"
"234080","JW생명과학","KOSPI","제약","13240","-170","-1.27","209649494960"
"001060","JW중외제약","KOSPI","제약","34800","1250","3.73","810350364000"
"001067","JW중외제약2우B","KOSPI","제약","60000","1100","1.87","12598380000"
"001065","JW중외제약우","KOSPI","제약","29500","1150","4.06","10087554500"
"096760","JW홀딩스","KOSPI","기타금융","4150","10","0.24","306788509300"
"008970","KBI동양철관","KOSPI","금속","1794","-23","-1.27","186157831158"
"105560","KB금융","KOSPI","기타금융","167900","-600","-0.36","62601591394500"
"415640","KB발해인프라","KOSPI","기타금융","10000","-70","-0.70","1225455480000"
"432320","KB스타리츠","KOSPI","부동산","3335","-150","-4.30","338216640475"
"002380","KCC","KOSPI","화학","563000","7000","1.26","5003083173000"
"344820","KCC글라스","KOSPI","비금속","29600","400","1.37","472727155200"
"009070","KCTC","KOSPI","운송·창고","7270","0","0.00","218100000000"
"009440","KC그린홀딩스","KOSPI","기타금융","756","0","0.00","17568790596"
"119650","KC코트렐","KOSPI","기계·장비","918","0","0.00","100782913662"
"092220","KEC","KOSPI","전기·전자","686","-52","-7.05","137723514726"
"003620","KG모빌리티","KOSPI","운송장비·부품","4040","-40","-0.98","817594644480"
"016380","KG스틸","KOSPI","금속","5870","-60","-1.01","587052225390"
"001390","KG케미칼","KOSPI","화학","5980","-120","-1.97","402053519400"
"001940","KISCO홀딩스","KOSPI","금속","24600","750","3.14","348738948000"
"025000","KPX케미칼","KOSPI","화학","53600","2300","4.48","234698802400"
"092230","KPX홀딩스","KOSPI","화학","80900","3200","4.12","341773861400"
"000040","KR모터스","KOSPI","운송장비·부품","414","-7","-1.66","35759326176"
"044450","KSS해운","KOSPI","운송·창고","10600","160","1.53","244710328000"
"030200","KT","KOSPI","통신","64500","200","0.31","16255398682500"
"033780","KT&G","KOSPI","음식료·담배","173800","1600","0.93","20504340901000"
"058850","KTcs","KOSPI","IT 서비스","2800","-40","-1.41","119518000000"
"058860","KTis","KOSPI","IT 서비스","2920","-30","-1.02","101621840000"
"093050","LF","KOSPI","섬유·의류","22800","950","4.35","666672000000"
"003550","LG","KOSPI","기타금융","95700","-500","-0.52","14759005684500"
"034220","LG디스플레이","KOSPI","전기·전자","11600","-310","-2.60","5800000000000"
"051900","LG생활건강","KOSPI","화학","276500","500","0.18","4231129913500"
"051905","LG생활건강우","KOSPI","화학","117100","-1000","-0.85","245874518700"
"064400","LG씨엔에스","KOSPI","IT 서비스","71100","-1600","-2.20","6888590902800"
"373220","LG에너지솔루션","KOSPI","전기·전자","395000","-15000","-3.66","92430000000000"
"003555","LG우","KOSPI","기타금융","73400","100","0.14","221022006600"
"032640","LG유플러스","KOSPI","통신","17170","0","0.00","7380152855350"
"011070","LG이노텍","KOSPI","전기·전자","242500","-11000","-4.34","5739273447500"
"066570","LG전자","KOSPI","전기·전자","117200","-4200","-3.46","19090284556400"
"066575","LG전자우","KOSPI","전기·전자","53400","-800","-1.48","917731972800"
"037560","LG헬로비전","KOSPI","오락·문화","2495","0","0.00","193229928175"
"051910","LG화학","KOSPI","화학","324500","-12000","-3.57","22907215303500"
"051915","LG화학우","KOSPI","화학","158800","-4400","-2.70","1220981440000"
"079550","LIG넥스원","KOSPI","금속","460000","4500","0.99","10120000000000"
"006260","LS","KOSPI","기타금융","248000","-2500","-1.00","7861600000000"
"010120","LS ELECTRIC","KOSPI","전기·전자","661000","-10000","-1.49","19830000000000"
"000680","LS네트웍스","KOSPI","유통","3510","5","0.14","276598586160"
"229640","LS에코에너지","KOSPI","기타금융","44200","450","1.03","1353619651800"
"108320","LX세미콘","KOSPI","전기·전자","55300","-800","-1.43","899415790000"
"001120","LX인터내셔널","KOSPI","유통","45600","550","1.22","1767456000000"
"108670","LX하우시스","KOSPI","화학","32000","750","2.40","286965440000"
"108675","LX하우시스우","KOSPI","화학","17120","140","0.82","17673489600"
"383800","LX홀딩스","KOSPI","기타금융","9050","90","1.00","690340244500"
"38380K","LX홀딩스1우","KOSPI","기타금융","8910","-80","-0.89","13055689350"
"023150","MH에탄올","KOSPI","음식료·담배","4490","10","0.22","33129581740"
"035420","NAVER","KOSPI","IT 서비스","252500","-3000","-1.17","39605291095000"
"181710","NHN","KOSPI","IT 서비스","37150","2150","6.14","1216779113850"
"400760","NH올원리츠","KOSPI","부동산","3315","-15","-0.45","182090546625"
"005940","NH투자증권","KOSPI","증권","30900","1750","6.00","11011041002100"
"005945","NH투자증권우","KOSPI","증권","26400","1300","5.18","498193555200"
"338100","NH프라임리츠","KOSPI","부동산","4565","60","1.33","85182900000"
"034310","NICE","KOSPI","일반서비스","14760","480","3.36","542535637320"
"030190","NICE평가정보","KOSPI","IT 서비스","17700","160","0.91","1042734027900"
"008260","NI스틸","KOSPI","금속","3650","-25","-0.68","104390427050"
"004250","NPC","KOSPI","화학","3910","5","0.13","143575200000"
"004255","NPC우","KOSPI","화학","2410","5","0.21","12724800000"
"456040","OCI","KOSPI","화학","86500","-200","-0.23","774390817500"
"010060","OCI홀딩스","KOSPI","기타금융","150600","-5000","-3.21","2811736939200"
"178920","PI첨단소재","KOSPI","화학","20100","-150","-0.74","590263072200"
"001340","PKC","KOSPI","화학","6700","-60","-0.89","300953326900"
"005490","POSCO홀딩스","KOSPI","금속","375500","-7500","-1.96","30390323476000"
"010950","S-Oil","KOSPI","화학","106200","-1800","-1.67","11956292510400"
"010955","S-Oil우","KOSPI","화학","56300","-900","-1.57","226434490100"
"034120","SBS","KOSPI","오락·문화","18790","-220","-1.16","348577762020"
"003080","SB성보","KOSPI","화학","2735","15","0.55","54754700000"
"005090","SGC에너지","KOSPI","전기·가스","39650","4700","13.45","571330053450"
"001380","SG글로벌","KOSPI","운송장비·부품","1680","-12","-0.71","75539760240"
"004060","SG세계물산","KOSPI","유통","456","19","4.35","92305781760"
"001770","SHD","KOSPI","금속","17720","70","0.40","21527638160"
"002360","SH에너지화학","KOSPI","화학","418","35","9.14","46453899140"
"009160","SIMPAC","KOSPI","금속","5240","-70","-1.32","342543872320"
"033530","SJG세종","KOSPI","운송장비·부품","10290","-340","-3.20","286277688690"
"123700","SJM","KOSPI","운송장비·부품","3735","-50","-1.32","58284294030"
"025530","SJM홀딩스","KOSPI","유통","3690","-10","-0.27","55106489520"
"034730","SK","KOSPI","기타금융","349500","7000","2.04","25339694698500"
"011790","SKC","KOSPI","화학","108200","-1500","-1.37","4097349843600"
"018670","SK가스","KOSPI","유통","231000","2500","1.09","2135651364000"
"001740","SK네트웍스","KOSPI","유통","5420","250","4.84","1199326228840"
"006120","SK디스커버리","KOSPI","기타금융","57500","700","1.23","1055001662500"
"006125","SK디스커버리우","KOSPI","기타금융","39700","350","0.89","52104463500"
"210980","SK디앤디","KOSPI","부동산","12700","30","0.24","236440751400"
"395400","SK리츠","KOSPI","부동산","5610","-50","-0.88","1688708848200"
"302440","SK바이오사이언스","KOSPI","제약","49250","-1450","-2.86","3862909024250"
"326030","SK바이오팜","KOSPI","일반서비스","109200","-4200","-3.70","8551806900000"
"402340","SK스퀘어","KOSPI","기타금융","558000","-12000","-2.11","73704610170000"
"361610","SK아이이테크놀로지","KOSPI","전기·전자","25950","-1400","-5.12","2122375245000"
"100090","SK오션플랜트","KOSPI","금속","17930","10","0.06","1120232852970"
"03473K","SK우","KOSPI","기타금융","253500","9000","3.68","143515222500"
"096770","SK이노베이션","KOSPI","화학","113800","-2500","-2.15","19238207274400"
"096775","SK이노베이션우","KOSPI","화학","71200","-100","-0.14","88887931200"
"475150","SK이터닉스","KOSPI","건설","28650","5500","23.76","967053303300"
"001510","SK증권","KOSPI","증권","1215","280","29.95","574197057765"
"001515","SK증권우","KOSPI","증권","3470","800","29.96","13576423580"
"285130","SK케미칼","KOSPI","화학","63000","-1000","-1.56","1089822258000"
"28513K","SK케미칼우","KOSPI","화학","28900","-50","-0.17","61135898100"
"017670","SK텔레콤","KOSPI","통신","86500","8500","10.90","18579339584500"
"000660","SK하이닉스","KOSPI","전기·전자","880000","-8000","-0.90","640642081200000"
"003570","SNT다이내믹스","KOSPI","운송장비·부품","55000","5800","11.79","1828898335000"
"064960","SNT모티브","KOSPI","운송장비·부품","34950","200","0.58","927582506400"
"100840","SNT에너지","KOSPI","기계·장비","47400","1950","4.29","980269114200"
"036530","SNT홀딩스","KOSPI","기타금융","64800","3100","5.02","1056491812800"
"005610","SPC삼립","KOSPI","음식료·담배","51500","-500","-0.96","444393963500"
"011810","STX","KOSPI","유통","3530","0","0.00","109493282310"
"465770","STX그린로지스","KOSPI","운송·창고","5830","-260","-4.27","41807116560"
"077970","STX엔진","KOSPI","기계·장비","32750","-300","-0.91","1314849063250"
"002820","SUN&L","KOSPI","종이·목재","2430","-35","-1.42","30637413270"
"084870","TBH글로벌","KOSPI","섬유·의류","1209","-16","-1.31","25215894171"
"002710","TCC스틸","KOSPI","금속","15810","-410","-2.53","414438549570"
"069260","TKG휴켐스","KOSPI","화학","19880","360","1.84","812666329440"
"007980","TP","KOSPI","섬유·의류","1965","-6","-0.30","100559130450"
"002900","TYM","KOSPI","기계·장비","8400","460","5.79","347760000000"
"024070","WISCOM","KOSPI","화학","1883","21","1.13","28859682754"
"037270","YG PLUS","KOSPI","IT 서비스","7360","-260","-3.41","468560489600"
"139130","iM금융지주","KOSPI","기타금융","20800","550","2.72","3340991326400"
"000500","가온전선","KOSPI","전기·전자","89400","400","0.45","1478954481000"
"000860","강남제비스코","KOSPI","화학","18300","40","0.22","237900000000"
"035250","강원랜드","KOSPI","오락·문화","18860","-140","-0.74","4034917830000"
"011420","갤럭시아에스엠","KOSPI","오락·문화","1946","14","0.72","53611607224"
"002100","경농","KOSPI","화학","9790","40","0.41","191126009250"
"009450","경동나비엔","KOSPI","전기·전자","67600","-1400","-2.03","984836819200"
"267290","경동도시가스","KOSPI","전기·가스","23150","250","1.09","136478648900"
"012320","경동인베스트","KOSPI","기타금융","73000","1600","2.24","172646679000"
"000050","경방","KOSPI","유통","10370","-150","-1.43","284296349900"
"214390","경보제약","KOSPI","제약","5940","-220","-3.57","142006748400"
"012610","경인양행","KOSPI","화학","4800","-75","-1.54","199758552000"
"009140","경인전자","KOSPI","전기·전자","20600","0","0.00","32358418200"
"013580","계룡건설","KOSPI","건설","26500","200","0.76","236669035500"
"012200","계양전기","KOSPI","기계·장비","7460","-210","-2.74","203082304340"
"012205","계양전기우","KOSPI","기계·장비","6870","-20","-0.29","8031572730"
"002140","고려산업","KOSPI","음식료·담배","2500","-15","-0.60","62348562500"
"010130","고려아연","KOSPI","금속","1670000","-62000","-3.58","34857858230000"
"002240","고려제강","KOSPI","금속","23550","200","0.86","635850000000"
"009290","광동제약","KOSPI","제약","6160","40","0.65","306766817280"
"017040","광명전기","KOSPI","전기·전자","1439","-26","-1.77","62362827985"
"017900","광전자","KOSPI","전기·전자","1950","-10","-0.51","112990337850"
"037710","광주신세계","KOSPI","유통","37700","0","0.00","299986063000"
"030610","교보증권","KOSPI","증권","14000","1270","9.98","1595481454000"
"339770","교촌에프앤비","KOSPI","유통","4665","5","0.11","233087098200"
"007690","국도화학","KOSPI","화학","39100","-450","-1.14","362098531200"
"002720","국제약품","KOSPI","제약","4490","-85","-1.86","95007645680"
"083420","그린케미칼","KOSPI","화학","6250","-20","-0.32","150000000000"
"014530","극동유화","KOSPI","화학","3575","-20","-0.56","124658176500"
"014280","금강공업","KOSPI","금속","6070","-170","-2.72","178029196990"
"014285","금강공업우","KOSPI","금속","8080","-20","-0.25","4766190000"
"008870","금비","KOSPI","비금속","49500","-500","-1.00","49500000000"
"001570","금양","KOSPI","화학","9900","0","0.00","633275240400"
"002990","금호건설","KOSPI","건설","5070","40","0.80","187573573200"
"002995","금호건설우","KOSPI","건설","15600","-400","-2.50","4559349600"
"011780","금호석유화학","KOSPI","화학","144200","-2800","-1.90","3753777196400"
"011785","금호석유화학우","KOSPI","화학","68500","-1500","-2.14","207108791000"
"214330","금호에이치티","KOSPI","운송장비·부품","527","-29","-5.22","114910510770"
"001210","금호전기","KOSPI","전기·전자","842","-33","-3.77","51828465474"
"073240","금호타이어","KOSPI","화학","7010","-90","-1.27","2013694611870"
"092440","기신정기","KOSPI","기계·장비","2370","5","0.21","69204000000"
"000270","기아","KOSPI","운송장비·부품","164100","-2200","-1.32","64066772971800"
"024110","기업은행","KOSPI","은행","26150","0","0.00","20852686474350"
"013700","까뮤이앤씨","KOSPI","건설","1386","-95","-6.41","82814650380"
"004540","깨끗한나라","KOSPI","종이·목재","1900","-14","-0.73","70757316700"
"004545","깨끗한나라우","KOSPI","종이·목재","10910","-120","-1.09","3994805600"
"001260","남광토건","KOSPI","건설","9070","270","3.07","89181428040"
"008350","남선알미늄","KOSPI","금속","1248","-33","-2.58","161090704320"
"008355","남선알미우","KOSPI","금속","14200","-330","-2.27","4372038000"
"004270","남성","KOSPI","유통","793","-16","-1.98","28716242880"
"003920","남양유업","KOSPI","음식료·담배","52500","1500","2.94","315000000000"
"003925","남양유업우","KOSPI","음식료·담배","35700","1150","3.33","71400000000"
"025860","남해화학","KOSPI","화학","7270","-90","-1.22","361165188610"
"005720","넥센","KOSPI","화학","7220","80","1.12","386587513940"
"005725","넥센우","KOSPI","화학","5000","150","3.09","18003000000"
"002350","넥센타이어","KOSPI","화학","9110","-140","-1.51","889754359470"
"002355","넥센타이어1우B","KOSPI","화학","4365","70","1.63","28372500000"
"092790","넥스틸","KOSPI","금속","11400","220","1.97","296422800000"
"251270","넷마블","KOSPI","IT 서비스","57200","200","0.35","4916540314400"
"090350","노루페인트","KOSPI","화학","8830","80","0.91","176600000000"
"090355","노루페인트우","KOSPI","화학","12990","-70","-0.54","6016006740"
"000320","노루홀딩스","KOSPI","기타금융","25050","750","3.09","332943332550"
"000325","노루홀딩스우","KOSPI","기타금융","32950","550","1.70","8025269050"
"006280","녹십자","KOSPI","제약","174300","-6000","-3.33","2036963573400"
"005250","녹십자홀딩스","KOSPI","일반서비스","15810","-120","-0.75","743516000100"
"005257","녹십자홀딩스2우","KOSPI","일반서비스","24600","-100","-0.40","20811354000"
"004370","농심","KOSPI","음식료·담배","450500","-2000","-0.44","2740230221000"
"072710","농심홀딩스","KOSPI","기타금융","97000","-300","-0.31","449865630000"
"058730","다스코","KOSPI","금속","3790","-90","-2.32","71589086390"
"030210","다올투자증권","KOSPI","증권","4440","295","7.12","270445310640"
"023590","다우기술","KOSPI","IT 서비스","55800","2900","5.48","2503557228600"
"145210","다이나믹디자인","KOSPI","기계·장비","406","-14","-3.33","17148087208"
"483650","달바글로벌","KOSPI","화학","173700","1300","0.75","2152605910500"
"019680","대교","KOSPI","일반서비스","1735","-49","-2.75","146959444750"
"019685","대교우B","KOSPI","일반서비스","1156","-4","-0.34","22457600440"
"006370","대구백화점","KOSPI","유통","5240","-130","-2.42","56705241640"
"008060","대덕","KOSPI","기타금융","11120","120","1.09","376858468000"
"00806K","대덕1우","KOSPI","기타금융","9230","30","0.33","11190055110"
"353200","대덕전자","KOSPI","전기·전자","57500","-1900","-3.20","2841473187500"
"35320K","대덕전자1우","KOSPI","전기·전자","16360","-40","-0.24","34282690840"
"000490","대동","KOSPI","기계·장비","11710","-90","-0.76","337562589150"
"008110","대동전자","KOSPI","전기·전자","15040","0","0.00","157776322880"
"005750","대림바스","KOSPI","비금속","5810","-200","-3.33","96865714400"
"006570","대림통상","KOSPI","금속","2085","-35","-1.65","31744125000"
"001680","대상","KOSPI","음식료·담배","23350","300","1.30","809031383750"
"001685","대상우","KOSPI","음식료·담배","17580","0","0.00","24088520340"
"084690","대상홀딩스","KOSPI","기타금융","10410","-40","-0.38","376972520580"
"084695","대상홀딩스우","KOSPI","기타금융","14370","-70","-0.48","13126736340"
"128820","대성산업","KOSPI","유통","8390","-230","-2.67","379525660420"
"117580","대성에너지","KOSPI","전기·가스","8130","30","0.37","223575000000"
"016710","대성홀딩스","KOSPI","일반서비스","9050","20","0.22","145609603950"
"0030R0","대신밸류리츠","KOSPI","기타금융","4540","-15","-0.33","271401200000"
"003540","대신증권","KOSPI","증권","41400","5300","14.68","2102018760000"
"003547","대신증권2우B","KOSPI","증권","26050","1900","7.87","260500000000"
"003545","대신증권우","KOSPI","증권","27150","2050","8.17","705900000000"
"009190","대양금속","KOSPI","금속","1314","-1","-0.08","56755109250"
"014160","대영포장","KOSPI","종이·목재","1079","-2","-0.19","116957718371"
"047040","대우건설","KOSPI","건설","7300","-400","-5.19","3034045257400"
"003090","대웅","KOSPI","제약","26950","1350","5.27","1566926361000"
"069620","대웅제약","KOSPI","제약","169500","-3900","-2.25","1963924462500"
"000430","대원강업","KOSPI","운송장비·부품","4120","-140","-3.29","255440000000"
"006340","대원전선","KOSPI","전기·전자","3770","10","0.27","290571509670"
"006345","대원전선우","KOSPI","전기·전자","3495","-30","-0.85","9161094000"
"003220","대원제약","KOSPI","제약","11720","-50","-0.42","262851272760"
"024890","대원화성","KOSPI","화학","778","-19","-2.38","32091840256"
"002880","대유에이텍","KOSPI","운송장비·부품","1020","-19","-1.83","47709474900"
"012800","대창","KOSPI","금속","1419","-29","-2.00","129328368081"
"015230","대창단조","KOSPI","운송장비·부품","6880","-160","-2.27","196576942400"
"001070","대한방직","KOSPI","섬유·의류","7150","0","0.00","37895000000"
"006650","대한유화","KOSPI","화학","164200","-4300","-2.55","1067300000000"
"001440","대한전선","KOSPI","전기·전자","31550","-300","-0.94","5882412315000"
"084010","대한제강","KOSPI","금속","13650","320","2.40","469172285400"
"001790","대한제당","KOSPI","음식료·담배","2820","-5","-0.18","252944355600"
"001795","대한제당우","KOSPI","음식료·담배","2435","-30","-1.22","15785520600"
"001130","대한제분","KOSPI","음식료·담배","152400","2300","1.53","257556000000"
"439260","대한조선","KOSPI","운송장비·부품","75500","300","0.40","2908736556000"
"003490","대한항공","KOSPI","운송·창고","24800","0","0.00","9131872392800"
"003495","대한항공우","KOSPI","운송·창고","23800","-100","-0.42","26436897200"
"005880","대한해운","KOSPI","운송·창고","2165","-45","-2.04","698747991100"
"003830","대한화섬","KOSPI","화학","128200","-3900","-2.95","170249600000"
"016090","대현","KOSPI","섬유·의류","1711","-19","-1.10","75767032410"
"069460","대호에이엘","KOSPI","금속","696","-18","-2.52","60602078592"
"475560","더본코리아","KOSPI","유통","24000","-150","-0.62","355871280000"
"192080","더블유게임즈","KOSPI","IT 서비스","53700","-1600","-2.89","1137015231600"
"012510","더존비즈온","KOSPI","IT 서비스","88700","2200","2.54","2694952940800"
"004830","덕성","KOSPI","화학","5090","-90","-1.74","79811200000"
"004835","덕성우","KOSPI","화학","7160","-230","-3.11","9966720000"
"145720","덴티움","KOSPI","의료·정밀기기","49400","-500","-1.00","546800202000"
"002150","도화엔지니어링","KOSPI","일반서비스","6680","-10","-0.15","225249600000"
"460850","동국씨엠","KOSPI","금속","5650","60","1.07","168927406400"
"460860","동국제강","KOSPI","금속","8580","-30","-0.35","425636785860"
"001230","동국홀딩스","KOSPI","기타금융","8280","-20","-0.24","263307999240"
"023450","동남합성","KOSPI","화학","31200","-100","-0.32","109200000000"
"004140","동방","KOSPI","운송·창고","2625","-35","-1.32","125925885750"
"007590","동방아그로","KOSPI","화학","5880","-10","-0.17","80071352760"
"005960","동부건설","KOSPI","건설","8000","450","5.96","183573304000"
"005965","동부건설우","KOSPI","건설","20400","-150","-0.73","4604932800"
"026960","동서","KOSPI","유통","28750","100","0.35","2866375000000"
"002210","동성제약","KOSPI","제약","973","0","0.00","25900780311"
"102260","동성케미컬","KOSPI","화학","4510","10","0.22","226297327410"
"000640","동아쏘시오홀딩스","KOSPI","기타금융","110700","-100","-0.09","723583243800"
"170900","동아에스티","KOSPI","제약","52700","-1000","-1.86","492884707700"
"028100","동아지질","KOSPI","건설","18330","-50","-0.27","245429571660"
"001520","동양","KOSPI","비금속","948","-1","-0.11","226272491724"
"001527","동양2우B","KOSPI","비금속","8970","-30","-0.33","2767863930"
"084670","동양고속","KOSPI","운송·창고","55100","-200","-0.36","159545851900"
"082640","동양생명","KOSPI","보험","7320","-10","-0.14","1181144842200"
"001525","동양우","KOSPI","비금속","4770","0","0.00","2946576870"
"018500","동원금속","KOSPI","운송장비·부품","1605","-35","-2.13","75041667465"
"006040","동원산업","KOSPI","기타금융","44300","450","1.03","1955755779800"
"030720","동원수산","KOSPI","농업, 임업 및 어업","6040","0","0.00","28108982200"
"014820","동원시스템즈","KOSPI","화학","27900","-850","-2.96","808856767800"
"014825","동원시스템즈우","KOSPI","화학","17370","-70","-0.40","4587608070"
"111380","동인기연","KOSPI","섬유·의류","16650","-50","-0.30","102031200000"
"163560","동일고무벨트","KOSPI","화학","7210","-220","-2.96","100219000000"
"004890","동일산업","KOSPI","금속","39800","-300","-0.75","96523557000"
"002690","동일제강","KOSPI","금속","1650","22","1.35","33495594000"
"000020","동화약품","KOSPI","제약","6190","10","0.16","172895799300"
"000150","두산","KOSPI","기타금융","942000","-31000","-3.19","15254592570000"
"000157","두산2우B","KOSPI","기타금융","439500","-4000","-0.90","392490201000"
"454910","두산로보틱스","KOSPI","기계·장비","100100","-2400","-2.34","6488479998000"
"241560","두산밥캣","KOSPI","기계·장비","64700","-2300","-3.43","6201887405500"
"034020","두산에너빌리티","KOSPI","기계·장비","96700","1200","1.26","61942262818200"
"000155","두산우","KOSPI","기타금융","512000","14000","2.81","2046188544000"
"336260","두산퓨얼셀","KOSPI","전기·전자","35400","-1500","-4.07","2318477900400"
"33626K","두산퓨얼셀1우","KOSPI","전기·전자","7290","-210","-2.80","97425018000"
"33626L","두산퓨얼셀2우B","KOSPI","전기·전자","10100","-70","-0.69","30161630000"
"016740","두올","KOSPI","운송장비·부품","4225","-945","-18.28","121147751400"
"192650","드림텍","KOSPI","전기·전자","8180","-490","-5.65","563994852680"
"024090","디씨엠","KOSPI","금속","11900","-90","-0.75","135660000000"
"003160","디아이","KOSPI","의료·정밀기기","35950","300","0.84","1017385000000"
"092200","디아이씨","KOSPI","운송장비·부품","10430","-70","-0.67","405607774670"
"377190","디앤디플랫폼리츠","KOSPI","부동산","3300","5","0.15","291720000000"
"013570","디와이","KOSPI","기타금융","5390","-60","-1.10","141862821870"
"024900","디와이덕양","KOSPI","운송장비·부품","2110","-35","-1.63","68712107800"
"210540","디와이파워","KOSPI","기계·장비","15290","-580","-3.65","168827715320"
"032350","롯데관광개발","KOSPI","일반서비스","25150","-250","-0.98","2001977071100"
"089860","롯데렌탈","KOSPI","일반서비스","33800","0","0.00","1227257314400"
"330590","롯데리츠","KOSPI","부동산","4575","-5","-0.11","1322032644300"
"000400","롯데손해보험","KOSPI","보험","1900","88","4.86","589639008000"
"023530","롯데쇼핑","KOSPI","유통","113300","1500","1.34","3205115941500"
"020150","롯데에너지머티리얼즈","KOSPI","전기·전자","42450","-1350","-3.08","2222913904350"
"280360","롯데웰푸드","KOSPI","음식료·담배","131900","2300","1.77","1227273310600"
"286940","롯데이노베이트","KOSPI","IT 서비스","24200","550","2.33","366130681400"
"004000","롯데정밀화학","KOSPI","화학","48550","-600","-1.22","1252590000000"
"004990","롯데지주","KOSPI","기타금융","36050","2400","7.13","3781977993850"
"00499K","롯데지주우","KOSPI","기타금융","31950","1450","4.75","25739015850"
"005300","롯데칠성","KOSPI","음식료·담배","140600","1500","1.08","1304611090400"
"005305","롯데칠성우","KOSPI","음식료·담배","86700","100","0.12","67219377000"
"011170","롯데케미칼","KOSPI","화학","80300","-1700","-2.07","3434866145700"
"071840","롯데하이마트","KOSPI","유통","8950","-200","-2.19","211289022400"
"027740","마니커","KOSPI","음식료·담배","780","-18","-2.26","49538757840"
"357430","마스턴프리미어리츠","KOSPI","부동산","1604","16","1.01","48930512428"
"001080","만호제강","KOSPI","금속","52000","200","0.39","215800000000"
"088980","맥쿼리인프라","KOSPI","기타금융","11540","80","0.70","5526759799220"
"094800","맵스리얼티","KOSPI","기타금융","6090","180","3.05","565361075790"
"138040","메리츠금융지주","KOSPI","기타금융","136300","1300","0.96","23882727659900"
"090370","메타랩스","KOSPI","섬유·의류","1726","-3","-0.17","42985493214"
"118000","메타케어","KOSPI","유통","305","-9","-2.87","52392096020"
"017180","명문제약","KOSPI","제약","1811","-33","-1.79","61489705194"
"009900","명신산업","KOSPI","운송장비·부품","9360","-100","-1.06","491120444880"
"317450","명인제약","KOSPI","제약","61900","-1000","-1.59","903740000000"
"012690","모나리자","KOSPI","종이·목재","2220","-15","-0.67","81188186100"
"005360","모나미","KOSPI","유통","1819","-30","-1.62","34374201433"
"070960","모나용평","KOSPI","일반서비스","3365","0","0.00","161968665545"
"009680","모토닉","KOSPI","운송장비·부품","10860","-10","-0.09","304623000000"
"009580","무림P&P","KOSPI","종이·목재","2450","0","0.00","152802393800"
"009200","무림페이퍼","KOSPI","종이·목재","1966","0","0.00","81803903460"
"033920","무학","KOSPI","음식료·담배","10050","340","3.50","286425000000"
"008420","문배철강","KOSPI","금속","2110","-5","-0.24","43262395550"
"025560","미래산업","KOSPI","의료·정밀기기","14650","-290","-1.94","65670881100"
"007120","미래아이앤지","KOSPI","IT 서비스","1182","-44","-3.59","34134514656"
"396690","미래에셋글로벌리츠","KOSPI","부동산","2590","0","0.00","102579384600"
"357250","미래에셋맵스리츠","KOSPI","부동산","2535","0","0.00","63362591175"
"085620","미래에셋생명","KOSPI","보험","9200","380","4.31","1628548938800"
"006800","미래에셋증권","KOSPI","증권","61600","8200","15.36","34932481214400"
"00680K","미래에셋증권2우B","KOSPI","증권","19760","2130","12.08","2700766804320"
"006805","미래에셋증권우","KOSPI","증권","21400","1680","8.52","301221050000"
"081660","미스토홀딩스","KOSPI","유통","53000","400","0.76","2813867520000"
"002840","미원상사","KOSPI","화학","151600","-4400","-2.82","720100000000"
"268280","미원에스씨","KOSPI","화학","140500","-4400","-3.04","702500000000"
"107590","미원홀딩스","KOSPI","기타금융","70000","500","0.72","162400000000"
"134380","미원화학","KOSPI","화학","119300","7300","6.52","262372672400"
"003650","미창석유","KOSPI","화학","138000","3500","2.60","240074736000"
"377740","바이오노트","KOSPI","제약","5800","0","0.00","591925078400"
"003610","방림","KOSPI","섬유·의류","6120","-70","-1.13","246037206960"
"035150","백산","KOSPI","화학","13820","-80","-0.58","280686314460"
"002410","범양건영","KOSPI","건설","1935","0","0.00","53173451700"
"007210","벽산","KOSPI","비금속","1966","35","1.81","131446760000"
"002760","보락","KOSPI","화학","1259","-23","-1.79","75414100000"
"003850","보령","KOSPI","제약","9460","-100","-1.05","811546978220"
"000890","보해양조","KOSPI","음식료·담배","469","-16","-3.30","64778340501"
"003000","부광약품","KOSPI","제약","4280","50","1.18","422284791880"
"001270","부국증권","KOSPI","증권","77700","300","0.39","805740142200"
"001275","부국증권우","KOSPI","증권","31350","1050","3.47","94050000000"
"026940","부국철강","KOSPI","금속","2080","-30","-1.42","41600000000"
"011390","부산산업","KOSPI","비금속","84500","1500","1.81","89232000000"
"005030","부산주공","KOSPI","운송장비·부품","486","0","0.00","38288532168"
"006740","블루산업개발","KOSPI","종이·목재","795","-14","-1.73","45295592460"
"002070","비비안","KOSPI","섬유·의류","571","-9","-1.55","25806959967"
"100220","비상교육","KOSPI","오락·문화","5320","-80","-1.48","69142662120"
"090460","비에이치","KOSPI","전기·전자","20850","-1050","-4.79","702885567300"
"005180","빙그레","KOSPI","음식료·담배","84800","0","0.00","810323614400"
"003960","사조대림","KOSPI","음식료·담배","38550","-50","-0.13","353290202850"
"008040","사조동아원","KOSPI","음식료·담배","1113","-1","-0.09","157093939800"
"007160","사조산업","KOSPI","음식료·담배","63800","-300","-0.47","319000000000"
"014710","사조씨푸드","KOSPI","음식료·담배","9020","-260","-2.80","155311257860"
"006090","사조오양","KOSPI","음식료·담배","8700","-30","-0.34","81977829300"
"062040","산일전기","KOSPI","전기·전자","145500","-7100","-4.65","4444326600000"
"001470","삼부토건","KOSPI","건설","347","0","0.00","79699592928"
"028050","삼성E&A","KOSPI","일반서비스","33900","100","0.30","6644400000000"
"448730","삼성FN리츠","KOSPI","부동산","5140","70","1.38","467997000000"
"006400","삼성SDI","KOSPI","전기·전자","374500","-11000","-2.85","30179280985000"
"006405","삼성SDI우","KOSPI","전기·전자","201000","-2000","-0.99","325197096000"
"006660","삼성공조","KOSPI","운송장비·부품","13530","-220","-1.60","109949028420"
"028260","삼성물산","KOSPI","유통","318000","-16000","-4.79","54052540992000"
"02826K","삼성물산우B","KOSPI","유통","195700","2200","1.14","287207363000"
"207940","삼성바이오로직스","KOSPI","제약","1710000","-9000","-0.52","79157526210000"
"032830","삼성생명","KOSPI","보험","205500","500","0.24","41100000000000"
"018260","삼성에스디에스","KOSPI","IT 서비스","170400","-2100","-1.22","13185177120000"
"0126Z0","삼성에피스홀딩스","KOSPI","기타금융","603000","-7000","-1.15","15004478547000"
"009150","삼성전기","KOSPI","전기·전자","309500","-10000","-3.13","23117698912000"
"009155","삼성전기우","KOSPI","전기·전자","129700","2000","1.57","377035824800"
"005930","삼성전자","KOSPI","전기·전자","181200","2600","1.46","1072638391466400"
"005935","삼성전자우","KOSPI","전기·전자","127600","5500","4.50","104118367126400"
"001360","삼성제약","KOSPI","제약","2125","50","2.41","200094417875"
"010140","삼성중공업","KOSPI","운송장비·부품","27700","-450","-1.60","24376000000000"
"016360","삼성증권","KOSPI","증권","101000","3900","4.02","9019300000000"
"068290","삼성출판사","KOSPI","오락·문화","10540","-240","-2.23","105400000000"
"029780","삼성카드","KOSPI","기타금융","62300","800","1.30","7218008909300"
"000810","삼성화재","KOSPI","보험","559000","-22000","-3.79","25720235645000"
"000815","삼성화재우","KOSPI","보험","423500","-5500","-1.28","1312642485000"
"006110","삼아알미늄","KOSPI","금속","29700","50","0.17","436943905200"
"0120G0","삼양바이오팜","KOSPI","제약","108900","-4000","-3.54","809766243000"
"145990","삼양사","KOSPI","음식료·담배","51000","-400","-0.78","525985899000"
"145995","삼양사우","KOSPI","음식료·담배","37500","-450","-1.19","13877625000"
"003230","삼양식품","KOSPI","음식료·담배","1190000","-29000","-2.38","8964287850000"
"002170","삼양통상","KOSPI","섬유·의류","59300","1300","2.24","177900000000"
"272550","삼양패키징","KOSPI","화학","12640","30","0.24","190464651840"
"000070","삼양홀딩스","KOSPI","기타금융","71000","2100","3.05","551186561000"
"003720","삼영","KOSPI","화학","7800","-310","-3.82","265200000000"
"002810","삼영무역","KOSPI","유통","20800","750","3.74","384112518400"
"005680","삼영전자","KOSPI","전기·전자","11840","-280","-2.31","236800000000"
"023000","삼원강재","KOSPI","운송장비·부품","2405","-10","-0.41","96200000000"
"004380","삼익THK","KOSPI","기계·장비","9960","0","0.00","206172000000"
"002450","삼익악기","KOSPI","기타제조","1195","0","0.00","108184443425"
"004440","삼일씨엔에스","KOSPI","비금속","6070","-470","-7.19","77282918290"
"000520","삼일제약","KOSPI","제약","10480","-540","-4.90","227330179280"
"009770","삼정펄프","KOSPI","종이·목재","35350","-150","-0.42","88373974850"
"005500","삼진제약","KOSPI","제약","19400","-110","-0.56","258408000000"
"004690","삼천리","KOSPI","전기·가스","155100","4200","2.78","628934377500"
"010960","삼호개발","KOSPI","건설","4155","55","1.34","100218600000"
"004450","삼화왕관","KOSPI","금속","28850","150","0.52","62153834150"
"009470","삼화전기","KOSPI","전기·전자","43300","-2300","-5.04","286378406000"
"011230","삼화전자","KOSPI","전기·전자","2785","-60","-2.11","53376711225"
"001820","삼화콘덴서","KOSPI","전기·전자","36600","-600","-1.61","380457000000"
"000390","삼화페인트","KOSPI","화학","9630","-360","-3.60","261969406470"
"001290","상상인증권","KOSPI","증권","904","157","21.02","97936756480"
"041650","상신브레이크","KOSPI","운송장비·부품","2720","-10","-0.37","58402344000"
"075180","새론오토모티브","KOSPI","운송장비·부품","3205","40","1.26","61536000000"
"007540","샘표","KOSPI","기타금융","55200","200","0.36","158744160000"
"248170","샘표식품","KOSPI","음식료·담배","29050","-1550","-5.07","132708708300"
"007860","서연","KOSPI","기타금융","10780","-170","-1.55","253112718320"
"200880","서연이화","KOSPI","운송장비·부품","15400","-400","-2.53","416237929800"
"017390","서울가스","KOSPI","전기·가스","67100","1700","2.60","335500000000"
"031210","서울보증보험","KOSPI","보험","57800","400","0.70","4035688364400"
"004410","서울식품","KOSPI","음식료·담배","144","-4","-2.70","56185219584"
"004415","서울식품우","KOSPI","음식료·담배","1223","9","0.74","2720563500"
"021050","서원","KOSPI","금속","1251","-1","-0.08","59390712090"
"008490","서흥","KOSPI","화학","24400","0","0.00","282286357200"
"007610","선도전기","KOSPI","전기·전자","3000","0","0.00","54000000000"
"136490","선진","KOSPI","음식료·담배","12820","70","0.55","304854523280"
"014910","성문전자","KOSPI","전기·전자","1809","-78","-4.13","40631921865"
"014915","성문전자우","KOSPI","전기·전자","4600","-40","-0.86","2760000000"
"004980","성신양회","KOSPI","비금속","10630","-60","-0.56","260605855990"
"004985","성신양회우","KOSPI","비금속","11860","-120","-1.00","8724749700"
"011300","성안머티리얼스","KOSPI","섬유·의류","376","-34","-8.29","58560950208"
"000180","성창기업지주","KOSPI","일반서비스","1699","137","8.77","118507968400"
"002420","세기상사","KOSPI","유통","5110","100","2.00","30506434280"
"004360","세방","KOSPI","운송·창고","15350","-40","-0.26","293424506050"
"004365","세방우","KOSPI","운송·창고","9510","10","0.11","35084767500"
"004490","세방전지","KOSPI","전기·전자","66900","-800","-1.18","927234000000"
"001430","세아베스틸지주","KOSPI","금속","74100","200","0.27","2657383017900"
"306200","세아제강","KOSPI","금속","127100","1300","1.03","360493730000"
"003030","세아제강지주","KOSPI","기타금융","136000","-3400","-2.44","563265352000"
"058650","세아홀딩스","KOSPI","금속","152600","300","0.20","658199813600"
"013000","세우글로벌","KOSPI","유통","1126","-14","-1.23","32321864906"
"021820","세원정공","KOSPI","운송장비·부품","14100","-400","-2.76","141000000000"
"067830","세이브존I&C","KOSPI","유통","3225","-90","-2.71","132356886375"
"075580","세진중공업","KOSPI","운송장비·부품","18030","140","0.78","1024995691680"
"068270","셀트리온","KOSPI","제약","238000","-500","-0.21","54989486118000"
"336370","솔루스첨단소재","KOSPI","전기·전자","9000","-150","-1.64","631956096000"
"33637K","솔루스첨단소재1우","KOSPI","전기·전자","2145","-40","-1.83","36269303070"
"33637L","솔루스첨단소재2우B","KOSPI","전기·전자","3640","-50","-1.36","13752997440"
"248070","솔루엠","KOSPI","전기·전자","17700","-480","-2.64","846347377200"
"004430","송원산업","KOSPI","화학","9530","-110","-1.14","228720000000"
"017550","수산세보틱스","KOSPI","기계·장비","1814","4","0.22","113192021820"
"126720","수산인더스트리","KOSPI","건설","26400","-100","-0.38","377150400000"
"053210","스카이라이프","KOSPI","오락·문화","5200","-10","-0.19","247119366000"
"204210","스타에스엠리츠","KOSPI","부동산","2035","0","0.00","15927568525"
"026890","스틱인베스트먼트","KOSPI","기타금융","11660","-90","-0.77","485967520500"
"134790","시디즈","KOSPI","기타제조","20450","150","0.74","40900000000"
"462870","시프트업","KOSPI","IT 서비스","33250","-150","-0.45","1960467880000"
"016590","신대양제지","KOSPI","종이·목재","14140","90","0.64","569811174800"
"029530","신도리코","KOSPI","전기·전자","56300","-1200","-2.09","567505632700"
"004970","신라교역","KOSPI","농업, 임업 및 어업","10080","60","0.60","161280000000"
"011930","신성이엔지","KOSPI","전기·전자","2320","-135","-5.50","477567710320"
"004170","신세계","KOSPI","유통","364000","-1000","-0.27","3510845884000"
"035510","신세계 I&C","KOSPI","IT 서비스","18050","-190","-1.04","252355245000"
"031430","신세계인터내셔날","KOSPI","유통","12350","-200","-1.59","436486050000"
"031440","신세계푸드","KOSPI","일반서비스","47950","-100","-0.21","185685416000"
"006880","신송홀딩스","KOSPI","유통","6870","0","0.00","81264254460"
"005800","신영와코루","KOSPI","섬유·의류","17350","50","0.29","156150000000"
"001720","신영증권","KOSPI","증권","227500","33400","17.21","3740100000000"
"009270","신원","KOSPI","섬유·의류","1523","11","0.73","174795308539"
"002700","신일전자","KOSPI","유통","1403","-5","-0.36","99679671963"
"002870","신풍","KOSPI","유통","1258","-19","-1.49","43978044600"
"019170","신풍제약","KOSPI","제약","12580","-220","-1.72","666551174200"
"019175","신풍제약우","KOSPI","제약","19850","-140","-0.70","43670000000"
"481850","신한글로벌액티브리츠","KOSPI","기타금융","1316","31","2.41","57216605824"
"404990","신한서부티엔디리츠","KOSPI","부동산","4075","105","2.64","240850055100"
"293940","신한알파리츠","KOSPI","부동산","6030","50","0.84","729268941690"
"055550","신한지주","KOSPI","기타금융","102500","-3500","-3.30","49763230735000"
"004080","신흥","KOSPI","유통","13560","-10","-0.07","128820000000"
"004770","써니전자","KOSPI","전기·전자","1630","-26","-1.57","57877123940"
"403550","쏘카","KOSPI","일반서비스","11830","-250","-2.07","388519700660"
"004920","씨아이테크","KOSPI","전기·전자","1148","7","0.61","59902493056"
"112610","씨에스윈드","KOSPI","금속","42600","-1450","-3.29","1796501767800"
"480370","씨케이솔루션","KOSPI","건설","11450","-430","-3.62","125204158450"
"308170","씨티알모빌리티","KOSPI","운송장비·부품","6550","-290","-4.24","56395500000"
"008700","아남전자","KOSPI","전기·전자","1332","-22","-1.62","102730260240"
"090430","아모레퍼시픽","KOSPI","화학","161000","1600","1.00","9417334199000"
"090435","아모레퍼시픽우","KOSPI","화학","54500","1200","2.25","575401735000"
"002790","아모레퍼시픽홀딩스","KOSPI","화학","34450","100","0.29","2737334301000"
"00279K","아모레퍼시픽홀딩스3우C","KOSPI","화학","27400","150","0.55","194326280000"
"002795","아모레퍼시픽홀딩스우","KOSPI","화학","13320","340","2.62","85831016400"
"002030","아세아","KOSPI","일반서비스","288500","-2500","-0.86","597958371000"
"183190","아세아시멘트","KOSPI","비금속","13540","-130","-0.95","500000489320"
"002310","아세아제지","KOSPI","종이·목재","9460","440","4.88","382964544600"
"012170","아센디오","KOSPI","오락·문화","1615","-44","-2.65","31320173040"
"267850","아시아나IDT","KOSPI","IT 서비스","10800","-120","-1.10","119880000000"
"020560","아시아나항공","KOSPI","운송·창고","7750","-20","-0.26","1596428010250"
"122900","아이마켓코리아","KOSPI","유통","7890","-100","-1.25","263753547600"
"010780","아이에스동서","KOSPI","비금속","30100","-50","-0.17","908627977600"
"031820","아이티센씨티에스","KOSPI","IT 서비스","732","38","5.48","88609673112"
"139990","아주스틸","KOSPI","금속","3205","-10","-0.31","124211101870"
"009320","아진전자부품","KOSPI","운송장비·부품","1129","-50","-4.24","55659440330"
"001780","알루코","KOSPI","금속","2345","30","1.30","227066659540"
"018250","애경산업","KOSPI","화학","14130","20","0.14","373172381550"
"161000","애경케미칼","KOSPI","화학","10410","-20","-0.19","506433060690"
"011090","에넥스","KOSPI","기타제조","501","-21","-4.02","30055812141"
"137310","에스디바이오센서","KOSPI","의료·정밀기기","8810","-190","-2.11","1072609588620"
"005850","에스엘","KOSPI","운송장비·부품","52500","-2000","-3.67","2438547300000"
"010580","에스엠벡셀","KOSPI","운송장비·부품","2115","-85","-3.86","235297472400"
"012750","에스원","KOSPI","일반서비스","92200","-1900","-2.02","3503524211600"
"023960","에쓰씨엔지니어링","KOSPI","건설","1650","-19","-1.14","62759358750"
"298690","에어부산","KOSPI","운송·창고","1990","18","0.91","232113600000"
"140910","에이리츠","KOSPI","부동산","3130","0","0.00","13969290160"
"078520","에이블씨엔씨","KOSPI","화학","11490","-530","-4.41","298902709890"
"015260","에이엔피","KOSPI","전기·전자","401","-35","-8.03","18091874494"
"007460","에이프로젠","KOSPI","금속","502","-13","-2.52","165311125060"
"003060","에이프로젠바이오로직스","KOSPI","제약","401","-45","-10.09","79561545845"
"244920","에이플러스에셋","KOSPI","기타금융","14060","-230","-1.61","317864163580"
"278470","에이피알","KOSPI","화학","272000","-10000","-3.55","10181138160000"
"450080","에코프로머티","KOSPI","전기·전자","65800","-4100","-5.87","4642766013200"
"019490","엑시큐어하이트론","KOSPI","전기·전자","541","0","0.00","41349858070"
"036570","엔씨소프트","KOSPI","IT 서비스","212000","-3500","-1.62","4567332664000"
"085310","엔케이","KOSPI","금속","1081","-24","-2.17","85269628082"
"900140","엘브이엠씨홀딩스","KOSPI","유통","1551","-48","-3.00","299715910032"
"066970","엘앤에프","KOSPI","전기·전자","113100","-5600","-4.72","4551113915400"
"097520","엠씨넥스","KOSPI","전기·전자","29050","-400","-1.36","505513575000"
"484870","엠앤씨솔루션","KOSPI","기계·장비","138600","2800","2.06","1268730540000"
"014440","영보화학","KOSPI","화학","4910","50","1.03","98200000000"
"111770","영원무역","KOSPI","유통","90700","-700","-0.77","4019050147600"
"009970","영원무역홀딩스","KOSPI","기타금융","233000","-9000","-3.72","3145322221000"
"003520","영진약품","KOSPI","제약","1877","-8","-0.42","343289656087"
"000670","영풍","KOSPI","금속","60100","-200","-0.33","1086484795000"
"012280","영화금속","KOSPI","운송장비·부품","982","16","1.66","50734543910"
"012160","영흥","KOSPI","금속","513","14","2.81","51972220836"
"007310","오뚜기","KOSPI","음식료·담배","402500","-2500","-0.62","1613151575000"
"002630","오리엔트바이오","KOSPI","제약","611","-94","-13.33","72454216055"
"271560","오리온","KOSPI","음식료·담배","139200","600","0.43","5503429574400"
"001800","오리온홀딩스","KOSPI","기타금융","24750","500","2.06","1550474194500"
"005320","온타이드","KOSPI","유통","432","-14","-3.14","29538298080"
"011690","와이투솔루션","KOSPI","전기·전자","7260","1610","28.50","266256100440"
"316140","우리금융지주","KOSPI","기타금융","38950","-200","-0.51","28592272664000"
"006980","우성","KOSPI","음식료·담배","19530","-60","-0.31","60347700000"
"017370","우신시스템","KOSPI","기계·장비","6750","-180","-2.60","123619864500"
"105840","우진","KOSPI","의료·정밀기기","25800","900","3.61","521099886000"
"010400","우진아이엔에스","KOSPI","건설","4075","-420","-9.34","31059650000"
"049800","우진플라임","KOSPI","기계·장비","3460","120","3.59","69200000000"
"016880","웅진","KOSPI","일반서비스","2395","-130","-5.15","191425356600"
"095720","웅진씽크빅","KOSPI","일반서비스","1181","-14","-1.17","136412568285"
"005820","원림","KOSPI","섬유·의류","15040","300","2.04","34561468800"
"008600","윌비스","KOSPI","유통","326","-19","-5.51","21918948714"
"033270","유나이티드제약","KOSPI","제약","20000","0","0.00","326676440000"
"014830","유니드","KOSPI","화학","80600","-1600","-1.95","545468560000"
"446070","유니드비티플러스","KOSPI","종이·목재","3235","-10","-0.31","34327280525"
"000910","유니온","KOSPI","비금속","4400","-70","-1.57","68691123600"
"047400","유니온머티리얼","KOSPI","비금속","1505","-61","-3.90","63210000000"
"011330","유니켐","KOSPI","섬유·의류","1214","-57","-4.48","113540173092"
"077500","유니퀘스트","KOSPI","유통","6600","-100","-1.49","142560673200"
"002920","유성기업","KOSPI","운송장비·부품","2230","-40","-1.76","57862925000"
"000700","유수홀딩스","KOSPI","일반서비스","6610","50","0.76","172136377320"
"003470","유안타증권","KOSPI","증권","5040","335","7.12","1005966743040"
"003475","유안타증권우","KOSPI","증권","4730","225","4.99","61074762760"
"072130","유엔젤","KOSPI","IT 서비스","4760","-100","-2.06","61382361040"
"000220","유유제약","KOSPI","제약","4500","60","1.35","76645579500"
"000225","유유제약1우","KOSPI","제약","4715","-15","-0.32","10688574950"
"000227","유유제약2우B","KOSPI","제약","10640","0","0.00","3463958400"
"001200","유진투자증권","KOSPI","증권","4780","355","8.02","463021478040"
"000100","유한양행","KOSPI","제약","108800","-600","-0.55","8665658988800"
"000105","유한양행우","KOSPI","제약","93600","-1200","-1.27","110535984000"
"003460","유화증권","KOSPI","증권","3495","355","11.31","198174940425"
"003465","유화증권우","KOSPI","증권","2910","135","4.86","50856396750"
"008730","율촌화학","KOSPI","화학","27650","-850","-2.98","685720000000"
"008250","이건산업","KOSPI","종이·목재","4605","-65","-1.39","50436884175"
"025820","이구산업","KOSPI","금속","5400","-140","-2.53","180586800000"
"214320","이노션","KOSPI","일반서비스","20350","50","0.25","814000000000"
"088260","이리츠코크렙","KOSPI","부동산","4745","40","0.85","300555844550"
"139480","이마트","KOSPI","유통","111300","-6300","-5.36","3071414654700"
"457190","이수스페셜티케미컬","KOSPI","화학","99700","-3000","-2.92","3012293527200"
"007660","이수페타시스","KOSPI","전기·전자","101600","-6600","-6.10","7458376650400"
"005950","이수화학","KOSPI","화학","9090","100","1.11","239013996210"
"015020","이스타코","KOSPI","부동산","519","-6","-1.14","22239980400"
"074610","이엔플러스","KOSPI","기계·장비","5110","0","0.00","37494481920"
"102460","이연제약","KOSPI","제약","11460","-40","-0.35","213004854060"
"084680","이월드","KOSPI","기타제조","1688","20","1.20","239368853784"
"350520","이지스레지던스리츠","KOSPI","부동산","3870","75","1.98","142672201740"
"334890","이지스밸류플러스리츠","KOSPI","부동산","4290","40","0.94","297934850070"
"000760","이화산업","KOSPI","유통","16740","-420","-2.45","46872000000"
"014990","인디에프","KOSPI","섬유·의류","915","38","4.33","68728390425"
"101140","인바이오젠","KOSPI","유통","10630","-250","-2.30","106770016080"
"006490","인스코비","KOSPI","통신","531","-75","-12.38","66845528127"
"023800","인지컨트롤스","KOSPI","운송장비·부품","7380","-100","-1.34","116671873860"
"034590","인천도시가스","KOSPI","전기·가스","26450","100","0.38","115712243300"
"129260","인터지스","KOSPI","운송·창고","2550","5","0.20","75857078700"
"023810","인팩","KOSPI","운송장비·부품","8060","-200","-2.42","80600000000"
"249420","일동제약","KOSPI","제약","36100","-500","-1.37","1142140897200"
"000230","일동홀딩스","KOSPI","제약","11650","-100","-0.85","134445660000"
"013360","일성건설","KOSPI","건설","1991","-29","-1.44","107563536080"
"003120","일성아이에스","KOSPI","제약","24200","400","1.68","321860000000"
"003200","일신방직","KOSPI","섬유·의류","14300","100","0.70","328328000000"
"007110","일신석재","KOSPI","유통","1772","33","1.90","137253112920"
"007570","일양약품","KOSPI","제약","13050","0","0.00","249067915200"
"007575","일양약품우","KOSPI","제약","12980","0","0.00","5777138400"
"008500","일정실업","KOSPI","섬유·의류","3095","-10","-0.32","18570000000"
"081000","일진다이아","KOSPI","화학","13860","130","0.95","196853233500"
"020760","일진디스플","KOSPI","전기·전자","902","0","0.00","46465394382"
"103590","일진전기","KOSPI","전기·전자","71500","-900","-1.24","3409505385000"
"271940","일진하이솔루스","KOSPI","운송장비·부품","14310","220","1.56","519641748900"
"015860","일진홀딩스","KOSPI","기타금융","8230","470","6.06","406129785090"
"226320","잇츠한불","KOSPI","화학","11850","-260","-2.15","259862382750"
"317400","자이에스앤디","KOSPI","부동산","4800","-70","-1.44","186156096000"
"033240","자화전자","KOSPI","전기·전자","42150","-350","-0.82","917042207400"
"000950","전방","KOSPI","섬유·의류","40050","-400","-0.99","67284000000"
"079900","전진건설로봇","KOSPI","기계·장비","61900","700","1.14","903278535500"
"348950","제이알글로벌리츠","KOSPI","부동산","2125","-25","-1.16","419424000000"
"194370","제이에스코퍼레이션","KOSPI","섬유·의류","13300","0","0.00","385922881400"
"030000","제일기획","KOSPI","일반서비스","22200","200","0.91","2553915195000"
"271980","제일약품","KOSPI","제약","14800","-60","-0.40","217632105600"
"001560","제일연마","KOSPI","비금속","9720","10","0.10","95256000000"
"002620","제일파마홀딩스","KOSPI","일반서비스","8130","-100","-1.22","129863376150"
"006220","제주은행","KOSPI","은행","15630","-250","-1.57","590791445910"
"089590","제주항공","KOSPI","운송·창고","6370","-50","-0.78","513683074450"
"004910","조광페인트","KOSPI","화학","5400","-40","-0.74","69120000000"
"004700","조광피혁","KOSPI","섬유·의류","75000","2300","3.16","498685350000"
"001550","조비","KOSPI","화학","15090","580","4.00","78350886510"
"462520","조선내화","KOSPI","비금속","13860","-230","-1.63","164312628480"
"120030","조선선재","KOSPI","금속","105300","1400","1.35","132430650300"
"018470","조일알미늄","KOSPI","금속","1250","-20","-1.57","158289651250"
"002600","조흥","KOSPI","음식료·담배","160100","2400","1.52","96060000000"
"185750","종근당","KOSPI","제약","94000","-1300","-1.36","1297461320000"
"063160","종근당바이오","KOSPI","제약","21050","-350","-1.64","115479500100"
"001630","종근당홀딩스","KOSPI","제약","52500","0","0.00","263017702500"
"109070","주성코퍼레이션","KOSPI","전기·전자","800","-14","-1.72","42248184000"
"044380","주연테크","KOSPI","전기·전자","399","-12","-2.92","25728151218"
"013890","지누스","KOSPI","기타제조","12660","-200","-1.56","281742932160"
"013870","지엠비코리아","KOSPI","운송장비·부품","5710","200","3.63","108902718800"
"071320","지역난방공사","KOSPI","전기·가스","91500","-1600","-1.72","1059455076000"
"088790","진도","KOSPI","유통","2155","-95","-4.22","26824888320"
"003780","진양산업","KOSPI","화학","6230","-110","-1.74","80990000000"
"010640","진양폴리","KOSPI","화학","2905","5","0.17","29050000000"
"100250","진양홀딩스","KOSPI","화학","3235","-5","-0.15","180821269620"
"051630","진양화학","KOSPI","화학","2255","5","0.22","47806000000"
"272450","진에어","KOSPI","운송·창고","7240","-10","-0.14","377928000000"
"011000","진원생명과학","KOSPI","제약","1650","-80","-4.62","140926394400"
"002780","진흥기업","KOSPI","건설","813","4","0.49","118268528685"
"002787","진흥기업2우B","KOSPI","건설","8790","0","0.00","2591362320"
"002785","진흥기업우B","KOSPI","건설","3770","190","5.31","3231711860"
"025620","차AI헬스케어","KOSPI","화학","10850","-450","-3.98","197513107050"
"009310","참엔지니어링","KOSPI","기계·장비","976","-69","-6.60","21359832224"
"000650","천일고속","KOSPI","운송·창고","284500","-1500","-0.52","406613090000"
"033250","체시스","KOSPI","운송장비·부품","1024","-12","-1.16","32768000000"
"035720","카카오","KOSPI","IT 서비스","57400","-1400","-2.38","25405565400600"
"323410","카카오뱅크","KOSPI","은행","27400","-1150","-4.03","13070113373800"
"377300","카카오페이","KOSPI","기타금융","62500","-1200","-1.88","8446954375000"
"006380","카프로","KOSPI","화학","3660","0","0.00","618539985360"
"001620","케이비아이동국실업","KOSPI","운송장비·부품","594","3","0.51","66108060414"
"029460","케이씨","KOSPI","의료·정밀기기","31450","-500","-1.56","416123221350"
"281820","케이씨텍","KOSPI","의료·정밀기기","46000","400","0.88","951754858000"
"381970","케이카","KOSPI","유통","15070","-70","-0.46","735730179360"
"145270","케이탑리츠","KOSPI","부동산","915","1","0.11","43975608210"
"417310","코람코더원리츠","KOSPI","부동산","8960","60","0.67","361984000000"
"357120","코람코라이프인프라리츠","KOSPI","부동산","4660","45","0.98","453582749640"
"007815","코리아써우","KOSPI","전기·전자","16520","250","1.54","48976678800"
"007810","코리아써키트","KOSPI","전기·전자","58400","100","0.17","1379451858400"
"00781K","코리아써키트2우B","KOSPI","전기·전자","12900","-270","-2.05","10109717100"
"003690","코리안리","KOSPI","보험","13580","170","1.27","2645669600980"
"192820","코스맥스","KOSPI","화학","203000","-6000","-2.87","2303950327000"
"044820","코스맥스비티아이","KOSPI","기타금융","14060","0","0.00","135031129260"
"005070","코스모신소재","KOSPI","화학","52700","-600","-1.13","1713316841200"
"005420","코스모화학","KOSPI","화학","16870","-430","-2.49","647946806360"
"071950","코아스","KOSPI","기타제조","3860","30","0.78","45598569860"
"002020","코오롱","KOSPI","기타금융","63600","-2900","-4.36","820928448000"
"138490","코오롱ENP","KOSPI","화학","11760","-90","-0.76","446880000000"
"003070","코오롱글로벌","KOSPI","건설","10060","290","2.97","255765027540"
"003075","코오롱글로벌우","KOSPI","건설","15470","130","0.85","11459201390"
"002025","코오롱우","KOSPI","기타금융","28600","-750","-2.56","33188498200"
"120110","코오롱인더","KOSPI","화학","62700","0","0.00","1725447005700"
"120115","코오롱인더우","KOSPI","화학","28100","0","0.00","77776866000"
"021240","코웨이","KOSPI","일반서비스","89600","1700","1.93","6443058316800"
"036420","콘텐트리중앙","KOSPI","오락·문화","7240","0","0.00","139459109920"
"024720","콜마홀딩스","KOSPI","기타금융","10250","20","0.20","351536654750"
"192400","쿠쿠홀딩스","KOSPI","기타금융","28750","-100","-0.35","1022412818750"
"284740","쿠쿠홈시스","KOSPI","일반서비스","25350","-50","-0.20","568786315500"
"264900","크라운제과","KOSPI","음식료·담배","8780","60","0.69","109959403000"
"26490K","크라운제과우","KOSPI","음식료·담배","9380","-40","-0.42","7255992800"
"005740","크라운해태홀딩스","KOSPI","기타금융","7230","60","0.84","107346318810"
"005745","크라운해태홀딩스우","KOSPI","기타금융","7850","0","0.00","4715699100"
"259960","크래프톤","KOSPI","IT 서비스","257000","-1000","-0.39","12182784567000"
"020120","키다리스튜디오","KOSPI","IT 서비스","4090","-65","-1.56","151590802940"
"039490","키움증권","KOSPI","증권","469500","17000","3.76","12729153016500"
"014580","태경비케이","KOSPI","비금속","4670","-35","-0.74","128813077000"
"015890","태경산업","KOSPI","화학","4910","-30","-0.61","143513162500"
"006890","태경케미컬","KOSPI","화학","7990","0","0.00","92684000000"
"003240","태광산업","KOSPI","화학","1100000","-87000","-7.33","1224740000000"
"011280","태림포장","KOSPI","종이·목재","2200","-10","-0.45","155773068000"
"004100","태양금속","KOSPI","운송장비·부품","2500","5","0.20","91750000000"
"004105","태양금속우","KOSPI","운송장비·부품","3560","-25","-0.70","11748000000"
"009410","태영건설","KOSPI","건설","1711","-17","-0.98","509176623458"
"009415","태영건설우","KOSPI","건설","7020","-140","-1.96","4562817480"
"001420","태원물산","KOSPI","운송장비·부품","3100","30","0.98","23560000000"
"055490","테이팩스","KOSPI","화학","15630","-340","-2.13","74549629500"
"078000","텔코웨어","KOSPI","IT 서비스","15960","150","0.95","147471628920"
"214420","토니모리","KOSPI","화학","9320","-170","-1.79","224190726680"
"019180","티에이치엔","KOSPI","전기·전자","8430","190","2.31","151740000000"
"217590","티엠씨","KOSPI","전기·전자","15300","610","4.15","368641642500"
"363280","티와이홀딩스","KOSPI","기타금융","2530","-30","-1.17","127586048040"
"36328K","티와이홀딩스우","KOSPI","기타금융","4205","5","0.12","5226873870"
"091810","티웨이항공","KOSPI","운송·창고","1442","-33","-2.24","484488978470"
"004870","티웨이홀딩스","KOSPI","비금속","461","-7","-1.50","52168370734"
"034230","파라다이스","KOSPI","오락·문화","20500","-250","-1.20","1894313959500"
"005690","파미셀","KOSPI","제약","16350","-640","-3.77","981277361400"
"036580","팜스코","KOSPI","음식료·담배","4000","-80","-1.96","146911772000"
"004720","팜젠사이언스","KOSPI","제약","4085","-105","-2.51","89684140670"
"028670","팬오션","KOSPI","운송·창고","5080","-40","-0.78","2715613120960"
"010820","퍼스텍","KOSPI","금속","5200","205","4.10","253614077600"
"016800","퍼시스","KOSPI","기타제조","41900","-550","-1.30","481850000000"
"001020","페이퍼코리아","KOSPI","종이·목재","596","11","1.88","106078054548"
"090080","평화산업","KOSPI","운송장비·부품","939","-14","-1.47","51553221201"
"010770","평화홀딩스","KOSPI","운송장비·부품","3850","-105","-2.65","56308044100"
"022100","포스코DX","KOSPI","일반서비스","38600","-2550","-6.20","5868540539400"
"058430","포스코스틸리온","KOSPI","금속","43250","-100","-0.23","259500000000"
"047050","포스코인터내셔널","KOSPI","유통","65800","-3200","-4.64","11575719450400"
"003670","포스코퓨처엠","KOSPI","전기·전자","224000","-3500","-1.54","19923953280000"
"017810","풀무원","KOSPI","음식료·담배","13180","-200","-1.49","502428743560"
"103140","풍산","KOSPI","금속","109900","-3100","-2.74","3079868152200"
"005810","풍산홀딩스","KOSPI","기타금융","39800","-300","-0.75","573808221600"
"950210","프레스티지바이오파마","KOSPI","일반서비스","11980","-20","-0.17","719951936900"
"009810","플레이그램","KOSPI","유통","1284","62","5.07","39004710000"
"086790","하나금융지주","KOSPI","기타금융","127600","-2400","-1.85","35514373866400"
"293480","하나제약","KOSPI","제약","11060","160","1.47","196568782760"
"039130","하나투어","KOSPI","일반서비스","50700","-400","-0.78","785339552400"
"352820","하이브","KOSPI","오락·문화","390000","9500","2.50","16785399150000"
"071090","하이스틸","KOSPI","금속","3765","-35","-0.92","76020888315"
"000080","하이트진로","KOSPI","음식료·담배","18120","-200","-1.09","1270821031320"
"000087","하이트진로2우B","KOSPI","음식료·담배","14420","-10","-0.07","16296589960"
"000140","하이트진로홀딩스","KOSPI","기타금융","9660","-20","-0.21","224177349900"
"000145","하이트진로홀딩스우","KOSPI","기타금융","12180","-30","-0.25","5734465800"
"152550","한국ANKOR유전","KOSPI","기타금융","179","-21","-10.50","12533580000"
"036460","한국가스공사","KOSPI","전기·가스","42000","-650","-1.52","3877146000000"
"005430","한국공항","KOSPI","운송·창고","69400","-1300","-1.84","219745037000"
"071050","한국금융지주","KOSPI","기타금융","257500","11000","4.46","14349442940000"
"071055","한국금융지주우","KOSPI","기타금융","171000","3000","1.79","1001760921000"
"010040","한국내화","KOSPI","비금속","2110","-10","-0.47","86651500820"
"025540","한국단자","KOSPI","전기·전자","74000","-1100","-1.46","748510000000"
"010100","한국무브넥스","KOSPI","운송장비·부품","5260","-90","-1.68","160169209200"
"004090","한국석유","KOSPI","비금속","15190","-390","-2.50","192823682800"
"002200","한국수출포장","KOSPI","종이·목재","3235","-15","-0.46","129400000000"
"002960","한국쉘석유","KOSPI","화학","456000","-4000","-0.87","592800000000"
"000240","한국앤컴퍼니","KOSPI","기타금융","30550","50","0.16","2900271582000"
"123890","한국자산신탁","KOSPI","기타금융","2860","75","2.69","349989428360"
"015760","한국전력","KOSPI","전기·가스","59800","-300","-0.50","38389451804600"
"006200","한국전자홀딩스","KOSPI","기타금융","650","-35","-5.11","30422038400"
"027970","한국제지","KOSPI","종이·목재","785","2","0.26","149289916045"
"023350","한국종합기술","KOSPI","일반서비스","4750","-55","-1.14","52012500000"
"025890","한국주강","KOSPI","기계·장비","1718","-62","-3.48","19429306962"
"000970","한국주철관","KOSPI","금속","6970","-20","-0.29","158919485000"
"104700","한국철강","KOSPI","금속","9480","40","0.42","345546000000"
"017960","한국카본","KOSPI","금속","34900","0","0.00","1811604974800"
"161890","한국콜마","KOSPI","화학","72400","0","0.00","1709007574800"
"161390","한국타이어앤테크놀로지","KOSPI","화학","72100","-1400","-1.90","8931392474900"
"034830","한국토지신탁","KOSPI","기타금융","1376","34","2.53","347425180480"
"007280","한국특강","KOSPI","금속","1388","14","1.02","84408875668"
"047810","한국항공우주","KOSPI","운송장비·부품","176700","11200","6.77","17223851406900"
"123690","한국화장품","KOSPI","유통","10190","-250","-2.39","163732920000"
"003350","한국화장품제조","KOSPI","화학","52400","-100","-0.19","237476800000"
"011500","한농화성","KOSPI","화학","24800","-450","-1.78","387798641600"
"002390","한독","KOSPI","제약","11200","-180","-1.58","154151569600"
"053690","한미글로벌","KOSPI","일반서비스","20250","-300","-1.46","221890387500"
"042700","한미반도체","KOSPI","기계·장비","202500","-7000","-3.34","19300720500000"
"008930","한미사이언스","KOSPI","기타금융","41550","-350","-0.84","2841668902500"
"128940","한미약품","KOSPI","제약","601000","-13000","-2.12","7699405591000"
"009240","한샘","KOSPI","유통","48600","2300","4.97","1143748900800"
"020000","한섬","KOSPI","섬유·의류","21050","0","0.00","472314574350"
"003680","한성기업","KOSPI","음식료·담배","5210","-30","-0.57","32351573150"
"105630","한세실업","KOSPI","섬유·의류","12660","-330","-2.54","506400000000"
"069640","한세엠케이","KOSPI","유통","630","-2","-0.32","28228096260"
"016450","한세예스24홀딩스","KOSPI","섬유·의류","4195","0","0.00","167800000000"
"009180","한솔로지스틱스","KOSPI","운송·창고","2945","-25","-0.84","82918904625"
"213500","한솔제지","KOSPI","종이·목재","8920","50","0.56","212301137920"
"014680","한솔케미칼","KOSPI","화학","302500","-2500","-0.82","3428896487500"
"004710","한솔테크닉스","KOSPI","전기·전자","5880","30","0.51","188806082640"
"004150","한솔홀딩스","KOSPI","기타금융","3370","45","1.35","138259709400"
"025750","한솔홈데코","KOSPI","종이·목재","623","-13","-2.04","50192087827"
"004960","한신공영","KOSPI","건설","13210","-370","-2.72","152848973420"
"011700","한신기계","KOSPI","기계·장비","4905","275","5.94","159148370655"
"001750","한양증권","KOSPI","증권","25650","1700","7.10","326486897100"
"001755","한양증권우","KOSPI","증권","21900","600","2.82","11497500000"
"018880","한온시스템","KOSPI","기계·장비","4460","70","1.59","4577130981920"
"009420","한올바이오파마","KOSPI","제약","54500","400","0.74","2847114771000"
"014130","한익스프레스","KOSPI","운송·창고","2865","-15","-0.52","34380000000"
"300720","한일시멘트","KOSPI","비금속","18020","-10","-0.06","1325284666180"
"002220","한일철강","KOSPI","금속","4730","-175","-3.57","126278985800"
"003300","한일홀딩스","KOSPI","비금속","16300","40","0.25","502576009200"
"051600","한전KPS","KOSPI","건설","58300","500","0.87","2623500000000"
"052690","한전기술","KOSPI","일반서비스","147800","200","0.14","5648916000000"
"130660","한전산업","KOSPI","일반서비스","21400","1250","6.20","697640000000"
"002320","한진","KOSPI","운송·창고","21800","-250","-1.13","332123218000"
"003480","한진중공업홀딩스","KOSPI","전기·가스","5170","140","2.78","152669128040"
"180640","한진칼","KOSPI","기타금융","136100","7600","5.91","9086346171900"
"18064K","한진칼우","KOSPI","기타금융","40500","1000","2.53","21739023000"
"005110","한창","KOSPI","유통","1254","0","0.00","26467434378"
"009460","한창제지","KOSPI","종이·목재","519","-2","-0.38","30967425234"
"372910","한컴라이프케어","KOSPI","의료·정밀기기","2855","-20","-0.70","79010429130"
"000880","한화","KOSPI","화학","117800","-2100","-1.75","8830138983000"
"00088K","한화3우B","KOSPI","화학","46250","-450","-0.96","897455396250"
"452260","한화갤러리아","KOSPI","유통","2365","140","6.29","458477977650"
"45226K","한화갤러리아우","KOSPI","유통","10080","50","0.50","29277057600"
"451800","한화리츠","KOSPI","부동산","4850","50","1.04","871060000000"
"489790","한화비전","KOSPI","전기·전자","61300","-100","-0.16","3094938307000"
"088350","한화생명","KOSPI","보험","4830","335","7.45","4194999900000"
"000370","한화손해보험","KOSPI","보험","7560","80","1.07","882546197400"
"009830","한화솔루션","KOSPI","화학","45900","-1650","-3.47","7889867402400"
"009835","한화솔루션우","KOSPI","화학","28050","-1000","-3.44","72238539450"
"272210","한화시스템","KOSPI","전기·전자","103400","-2400","-2.27","19534264822600"
"012450","한화에어로스페이스","KOSPI","운송장비·부품","1105000","-26000","-2.30","56977558105000"
"082740","한화엔진","KOSPI","기계·장비","54000","-1000","-1.82","4506145668000"
"042660","한화오션","KOSPI","운송장비·부품","129800","-2000","-1.52","39772458541200"
"003530","한화투자증권","KOSPI","증권","7360","860","13.23","1579071624000"
"003535","한화투자증권우","KOSPI","증권","9570","440","4.82","45936000000"
"195870","해성디에스","KOSPI","전기·전자","58200","-2700","-4.43","989400000000"
"101530","해태제과식품","KOSPI","음식료·담배","6980","-100","-1.41","203235417560"
"143210","핸즈코퍼레이션","KOSPI","운송장비·부품","1146","-15","-1.29","25069606062"
"000720","현대건설","KOSPI","건설","114300","-1100","-0.95","12727963939500"
"000725","현대건설우","KOSPI","건설","66200","900","1.38","69820676600"
"453340","현대그린푸드","KOSPI","유통","16170","-80","-0.49","530688824820"
"086280","현대글로비스","KOSPI","운송·창고","255000","-6000","-2.30","19125000000000"
"064350","현대로템","KOSPI","운송장비·부품","201500","-4500","-2.18","21992172039500"
"079430","현대리바트","KOSPI","기타제조","7040","0","0.00","144568385280"
"012330","현대모비스","KOSPI","운송장비·부품","435000","-11000","-2.47","39468673605000"
"069960","현대백화점","KOSPI","유통","109800","-1100","-0.99","2484643667400"
"004560","현대비앤지스틸","KOSPI","금속","17930","-420","-2.29","270363081230"
"004310","현대약품","KOSPI","제약","14340","1220","9.30","458880000000"
"017800","현대엘리베이터","KOSPI","기계·장비","103300","4900","4.98","4038243370500"
"307950","현대오토에버","KOSPI","IT 서비스","436500","-19500","-4.28","11970568143000"
"011210","현대위아","KOSPI","운송장비·부품","83900","-2600","-3.01","2281667463700"
"004020","현대제철","KOSPI","금속","33500","-300","-0.89","4470433797500"
"005440","현대지에프홀딩스","KOSPI","기타금융","14420","490","3.52","2248140020420"
"005380","현대차","KOSPI","운송장비·부품","499000","-7000","-1.38","102174125234000"
"005387","현대차2우B","KOSPI","운송장비·부품","263000","-500","-0.19","9195513590000"
"005389","현대차3우B","KOSPI","운송장비·부품","253500","1000","0.40","590009082000"
"005385","현대차우","KOSPI","운송장비·부품","261000","-1000","-0.38","6091990560000"
"001500","현대차증권","KOSPI","증권","10680","880","8.98","660376909920"
"011760","현대코퍼레이션","KOSPI","유통","25900","-500","-1.89","342630219400"
"227840","현대코퍼레이션홀딩스","KOSPI","유통","13560","200","1.50","123407336160"
"126560","현대퓨처넷","KOSPI","통신","3420","-15","-0.44","376894071900"
"001450","현대해상","KOSPI","보험","35450","1950","5.82","3169230000000"
"057050","현대홈쇼핑","KOSPI","유통","79300","1800","2.32","951600000000"
"093240","형지엘리트","KOSPI","섬유·의류","1229","12","0.99","75448628311"
"003010","혜인","KOSPI","유통","5500","-90","-1.61","69920108500"
"111110","호전실업","KOSPI","섬유·의류","8070","-20","-0.25","75664320000"
"008770","호텔신라","KOSPI","유통","48800","-1150","-2.30","1915308304800"
"008775","호텔신라우","KOSPI","유통","36600","-400","-1.08","27518771400"
"378850","화승알앤에이","KOSPI","운송장비·부품","3600","-60","-1.64","68377042800"
"241590","화승엔터프라이즈","KOSPI","섬유·의류","5330","-170","-3.09","322940841080"
"006060","화승인더","KOSPI","유통","3450","10","0.29","190854000000"
"013520","화승코퍼레이션","KOSPI","운송장비·부품","2580","-40","-1.53","129132230160"
"010690","화신","KOSPI","운송장비·부품","10670","-750","-6.57","372600774700"
"133820","화인베스틸","KOSPI","금속","1505","-39","-2.53","55857325510"
"010660","화천기계","KOSPI","기계·장비","5700","-30","-0.52","125400000000"
"000850","화천기공","KOSPI","기계·장비","42650","-100","-0.23","93830000000"
"016580","환인제약","KOSPI","제약","10760","10","0.09","200136753200"
"032560","황금에스티","KOSPI","금속","6230","-80","-1.27","105910000000"
"004800","효성","KOSPI","기타금융","161900","11900","7.93","2710271893300"
"094280","효성ITX","KOSPI","일반서비스","12870","-10","-0.08","148754034000"
"298040","효성중공업","KOSPI","전기·전자","2384000","-21000","-0.87","22229722432000"
"298020","효성티앤씨","KOSPI","화학","404000","1500","0.37","1748383528000"
"298000","효성화학","KOSPI","화학","38900","0","0.00","147501447900"
"093370","후성","KOSPI","화학","8050","-230","-2.78","863405406500"
"005870","휴니드","KOSPI","전기·전자","8370","-90","-1.06","118151045550"
"079980","휴비스","KOSPI","화학","2925","20","0.69","100912500000"
"005010","휴스틸","KOSPI","금속","4290","-45","-1.04","241046841750"
"000540","흥국화재","KOSPI","보험","4400","145","3.41","282667638000"
"000545","흥국화재우","KOSPI","보험","7230","60","0.84","5552640000"
"003280","흥아해운","KOSPI","운송·창고","1718","-21","-1.21","413049976482"